Kidnapping Detected,2024-12-11 15:13:49
Kidnapping Detected,2024-12-11 15:13:50
Kidnapping Detected,2024-12-11 15:13:50
Kidnapping Detected,2024-12-11 15:13:50
Kidnapping Detected,2024-12-11 15:13:50
Kidnapping Detected,2024-12-11 15:13:50
Kidnapping Detected,2024-12-11 15:13:51
Kidnapping Detected,2024-12-11 15:13:51
Kidnapping Detected,2024-12-11 15:13:51
Kidnapping Detected,2024-12-11 15:13:51
Kidnapping Detected,2024-12-11 15:13:51
Kidnapping Detected,2024-12-11 15:13:51
Kidnapping Detected,2024-12-11 15:13:51
Kidnapping Detected,2024-12-11 15:13:51
Kidnapping Detected,2024-12-11 15:13:51
Kidnapping Detected,2024-12-11 15:13:51
Kidnapping Detected,2024-12-11 15:13:51
Kidnapping Detected,2024-12-11 15:13:51
Kidnapping Detected,2024-12-11 15:13:51
Kidnapping Detected,2024-12-11 15:13:51
Kidnapping Detected,2024-12-11 15:13:51
Kidnapping Detected,2024-12-11 15:13:51
Kidnapping Detected,2024-12-11 15:13:51
Kidnapping Detected,2024-12-11 15:13:52
Kidnapping Detected,2024-12-11 15:13:52
Kidnapping Detected,2024-12-11 15:13:52
Kidnapping Detected,2024-12-11 15:13:52
Kidnapping Detected,2024-12-11 15:13:52
Kidnapping Detected,2024-12-11 15:13:52
Kidnapping Detected,2024-12-11 15:13:52
Kidnapping Detected,2024-12-11 15:13:52
Kidnapping Detected,2024-12-11 15:13:52
Kidnapping Detected,2024-12-11 15:13:52
Kidnapping Detected,2024-12-11 15:13:52
Kidnapping Detected,2024-12-11 15:13:52
Kidnapping Detected,2024-12-11 15:13:52
Kidnapping Detected,2024-12-11 15:13:52
Kidnapping Detected,2024-12-11 15:13:52
Kidnapping Detected,2024-12-11 15:13:53
Kidnapping Detected,2024-12-11 15:13:53
Kidnapping Detected,2024-12-11 15:13:53
Kidnapping Detected,2024-12-11 15:13:53
Kidnapping Detected,2024-12-11 15:13:53
Kidnapping Detected,2024-12-11 15:13:53
Kidnapping Detected,2024-12-11 15:13:53
Kidnapping Detected,2024-12-11 15:13:53
Kidnapping Detected,2024-12-11 15:13:53
Kidnapping Detected,2024-12-11 15:13:53
Kidnapping Detected,2024-12-11 15:13:53
Kidnapping Detected,2024-12-11 15:13:53
Kidnapping Detected,2024-12-11 15:13:53
Kidnapping Detected,2024-12-11 15:13:53
Kidnapping Detected,2024-12-11 15:13:53
Kidnapping Detected,2024-12-11 15:13:54
Kidnapping Detected,2024-12-11 15:13:54
Kidnapping Detected,2024-12-11 15:13:54
Kidnapping Detected,2024-12-11 15:13:54
Kidnapping Detected,2024-12-11 15:13:54
Kidnapping Detected,2024-12-11 15:13:54
Kidnapping Detected,2024-12-11 15:13:54
Kidnapping Detected,2024-12-11 15:13:54
Kidnapping Detected,2024-12-11 15:13:54
Kidnapping Detected,2024-12-11 15:13:54
Kidnapping Detected,2024-12-11 15:13:54
Kidnapping Detected,2024-12-11 15:13:54
Kidnapping Detected,2024-12-11 15:13:54
Kidnapping Detected,2024-12-11 15:13:54
Kidnapping Detected,2024-12-11 15:13:54
Kidnapping Detected,2024-12-11 15:13:55
Kidnapping Detected,2024-12-11 15:13:55
Kidnapping Detected,2024-12-11 15:13:55
Kidnapping Detected,2024-12-11 15:13:55
Kidnapping Detected,2024-12-11 15:13:55
Kidnapping Detected,2024-12-11 15:13:55
Kidnapping Detected,2024-12-11 15:13:55
Kidnapping Detected,2024-12-11 15:13:55
Kidnapping Detected,2024-12-11 15:13:55
Kidnapping Detected,2024-12-11 15:13:55
Kidnapping Detected,2024-12-11 15:13:55
Kidnapping Detected,2024-12-11 15:13:55
Kidnapping Detected,2024-12-11 15:13:55
Kidnapping Detected,2024-12-11 15:13:55
Kidnapping Detected,2024-12-11 15:13:55
Kidnapping Detected,2024-12-11 15:13:56
Kidnapping Detected,2024-12-11 15:13:56
Kidnapping Detected,2024-12-11 15:13:56
Kidnapping Detected,2024-12-11 15:13:56
Kidnapping Detected,2024-12-11 15:13:56
Kidnapping Detected,2024-12-11 15:13:56
Kidnapping Detected,2024-12-11 15:13:56
Kidnapping Detected,2024-12-11 15:13:56
Kidnapping Detected,2024-12-11 15:13:56
Kidnapping Detected,2024-12-11 15:13:56
Kidnapping Detected,2024-12-11 15:13:56
Kidnapping Detected,2024-12-11 15:13:56
Kidnapping Detected,2024-12-11 15:13:56
Kidnapping Detected,2024-12-11 15:13:56
Kidnapping Detected,2024-12-11 15:13:56
Kidnapping Detected,2024-12-11 15:13:57
Kidnapping Detected,2024-12-11 15:13:57
Kidnapping Detected,2024-12-11 15:13:57
Kidnapping Detected,2024-12-11 15:13:57
Kidnapping Detected,2024-12-11 15:13:57
Kidnapping Detected,2024-12-11 15:13:57
Kidnapping Detected,2024-12-11 15:13:57
Kidnapping Detected,2024-12-11 15:13:57
Kidnapping Detected,2024-12-11 15:13:57
Kidnapping Detected,2024-12-11 15:13:57
Kidnapping Detected,2024-12-11 15:13:57
Kidnapping Detected,2024-12-11 15:13:57
Kidnapping Detected,2024-12-11 15:13:57
Kidnapping Detected,2024-12-11 15:13:57
Kidnapping Detected,2024-12-11 15:13:57
Kidnapping Detected,2024-12-11 15:13:58
Kidnapping Detected,2024-12-11 15:13:58
Kidnapping Detected,2024-12-11 15:13:58
Kidnapping Detected,2024-12-11 15:13:58
Kidnapping Detected,2024-12-11 15:13:58
Kidnapping Detected,2024-12-11 15:13:58
Kidnapping Detected,2024-12-11 15:13:58
Kidnapping Detected,2024-12-11 15:13:58
Kidnapping Detected,2024-12-11 15:13:58
Kidnapping Detected,2024-12-11 15:13:58
Kidnapping Detected,2024-12-11 15:13:58
Kidnapping Detected,2024-12-11 15:13:58
Kidnapping Detected,2024-12-11 15:13:58
Kidnapping Detected,2024-12-11 15:13:58
Kidnapping Detected,2024-12-11 15:13:58
Kidnapping Detected,2024-12-11 15:13:59
Kidnapping Detected,2024-12-11 15:13:59
Kidnapping Detected,2024-12-11 15:13:59
Kidnapping Detected,2024-12-11 15:13:59
Kidnapping Detected,2024-12-11 15:13:59
Kidnapping Detected,2024-12-11 15:13:59
Kidnapping Detected,2024-12-11 15:13:59
Kidnapping Detected,2024-12-11 15:13:59
Kidnapping Detected,2024-12-11 15:13:59
Kidnapping Detected,2024-12-11 15:13:59
Kidnapping Detected,2024-12-11 15:13:59
Kidnapping Detected,2024-12-11 15:13:59
Kidnapping Detected,2024-12-11 15:13:59
Kidnapping Detected,2024-12-11 15:13:59
Kidnapping Detected,2024-12-11 15:13:59
Kidnapping Detected,2024-12-11 15:14:00
Kidnapping Detected,2024-12-11 15:14:00
Kidnapping Detected,2024-12-11 15:14:00
Kidnapping Detected,2024-12-11 15:14:00
Kidnapping Detected,2024-12-11 15:14:00
Kidnapping Detected,2024-12-11 15:14:00
Kidnapping Detected,2024-12-11 15:14:00
Kidnapping Detected,2024-12-11 15:14:00
Kidnapping Detected,2024-12-11 15:14:00
Kidnapping Detected,2024-12-11 15:14:00
Kidnapping Detected,2024-12-11 15:14:00
Kidnapping Detected,2024-12-11 15:14:00
Kidnapping Detected,2024-12-11 15:14:00
Kidnapping Detected,2024-12-11 15:14:00
Kidnapping Detected,2024-12-11 15:14:00
Kidnapping Detected,2024-12-11 15:14:01
Kidnapping Detected,2024-12-11 15:14:01
Kidnapping Detected,2024-12-11 15:14:01
Kidnapping Detected,2024-12-11 15:14:01
Kidnapping Detected,2024-12-11 15:14:01
Kidnapping Detected,2024-12-11 15:14:01
Kidnapping Detected,2024-12-11 15:14:01
Kidnapping Detected,2024-12-11 15:14:01
Kidnapping Detected,2024-12-11 15:14:01
Kidnapping Detected,2024-12-11 15:14:01
Kidnapping Detected,2024-12-11 15:14:01
Kidnapping Detected,2024-12-11 15:14:01
Kidnapping Detected,2024-12-11 15:14:01
Kidnapping Detected,2024-12-11 15:14:01
Kidnapping Detected,2024-12-11 15:14:01
Kidnapping Detected,2024-12-11 15:14:01
Kidnapping Detected,2024-12-11 15:14:02
Kidnapping Detected,2024-12-11 15:14:02
Kidnapping Detected,2024-12-11 15:14:02
Kidnapping Detected,2024-12-11 15:14:02
Kidnapping Detected,2024-12-11 15:14:02
Kidnapping Detected,2024-12-11 15:14:02
Kidnapping Detected,2024-12-11 15:14:02
Kidnapping Detected,2024-12-11 15:14:02
Kidnapping Detected,2024-12-11 15:14:02
Kidnapping Detected,2024-12-11 15:14:02
Kidnapping Detected,2024-12-11 15:14:02
Kidnapping Detected,2024-12-11 15:14:02
Kidnapping Detected,2024-12-11 15:14:02
Kidnapping Detected,2024-12-11 15:14:02
Kidnapping Detected,2024-12-11 15:14:02
Kidnapping Detected,2024-12-11 15:14:03
Kidnapping Detected,2024-12-11 15:14:03
Kidnapping Detected,2024-12-11 15:14:03
Kidnapping Detected,2024-12-11 15:14:03
Kidnapping Detected,2024-12-11 15:14:03
Kidnapping Detected,2024-12-11 15:14:03
Kidnapping Detected,2024-12-11 15:14:03
Kidnapping Detected,2024-12-11 15:14:03
Kidnapping Detected,2024-12-11 15:14:03
Kidnapping Detected,2024-12-11 15:14:03
Kidnapping Detected,2024-12-11 15:14:03
Kidnapping Detected,2024-12-11 15:14:03
Kidnapping Detected,2024-12-11 15:14:03
Kidnapping Detected,2024-12-11 15:14:03
Kidnapping Detected,2024-12-11 15:14:03
Kidnapping Detected,2024-12-11 15:14:03
Kidnapping Detected,2024-12-11 15:14:04
Kidnapping Detected,2024-12-11 15:14:04
Kidnapping Detected,2024-12-11 15:14:04
Kidnapping Detected,2024-12-11 15:14:04
Kidnapping Detected,2024-12-11 15:14:04
Kidnapping Detected,2024-12-11 15:14:04
Kidnapping Detected,2024-12-11 15:14:04
Kidnapping Detected,2024-12-11 15:14:04
Kidnapping Detected,2024-12-11 15:14:04
Kidnapping Detected,2024-12-11 15:14:04
Kidnapping Detected,2024-12-11 15:14:04
Kidnapping Detected,2024-12-11 15:14:04
Kidnapping Detected,2024-12-11 15:14:04
Kidnapping Detected,2024-12-11 15:14:04
Kidnapping Detected,2024-12-11 15:14:04
Kidnapping Detected,2024-12-11 15:14:05
Kidnapping Detected,2024-12-11 15:14:05
Kidnapping Detected,2024-12-11 15:14:05
Kidnapping Detected,2024-12-11 15:14:05
Kidnapping Detected,2024-12-11 15:14:05
Kidnapping Detected,2024-12-11 15:14:05
Kidnapping Detected,2024-12-11 15:14:05
Kidnapping Detected,2024-12-11 15:14:05
Kidnapping Detected,2024-12-11 15:14:05
Kidnapping Detected,2024-12-11 15:14:05
Kidnapping Detected,2024-12-11 15:14:05
Kidnapping Detected,2024-12-11 15:14:05
Kidnapping Detected,2024-12-11 15:14:05
Kidnapping Detected,2024-12-11 15:14:05
Kidnapping Detected,2024-12-11 15:14:05
Kidnapping Detected,2024-12-11 15:14:05
Kidnapping Detected,2024-12-11 15:14:06
Kidnapping Detected,2024-12-11 15:14:06
Kidnapping Detected,2024-12-11 15:14:06
Kidnapping Detected,2024-12-11 15:14:06
Kidnapping Detected,2024-12-11 15:14:06
Kidnapping Detected,2024-12-11 15:14:06
Kidnapping Detected,2024-12-11 15:14:06
Kidnapping Detected,2024-12-11 15:14:06
Kidnapping Detected,2024-12-11 15:14:06
Kidnapping Detected,2024-12-11 15:14:07
Kidnapping Detected,2024-12-11 15:14:07
Kidnapping Detected,2024-12-11 15:14:07
Kidnapping Detected,2024-12-11 15:14:07
Kidnapping Detected,2024-12-11 15:14:08
Kidnapping Detected,2024-12-11 15:14:08
Kidnapping Detected,2024-12-11 15:14:08
Kidnapping Detected,2024-12-11 15:14:09
Kidnapping Detected,2024-12-11 15:14:09
Kidnapping Detected,2024-12-11 15:14:10
Kidnapping Detected,2024-12-11 15:14:10
Kidnapping Detected,2024-12-11 15:14:11
Kidnapping Detected,2024-12-11 15:14:11
Kidnapping Detected,2024-12-11 15:14:11
Kidnapping Detected,2024-12-11 15:14:11
Kidnapping Detected,2024-12-11 15:14:11
Kidnapping Detected,2024-12-11 15:14:11
Kidnapping Detected,2024-12-11 15:14:11
Kidnapping Detected,2024-12-11 15:14:11
Kidnapping Detected,2024-12-11 15:14:11
Kidnapping Detected,2024-12-11 15:14:11
Kidnapping Detected,2024-12-11 15:14:11
Kidnapping Detected,2024-12-11 15:14:11
Kidnapping Detected,2024-12-11 15:14:11
Kidnapping Detected,2024-12-11 15:14:12
Kidnapping Detected,2024-12-11 15:14:12
Kidnapping Detected,2024-12-11 15:14:12
Kidnapping Detected,2024-12-11 15:14:12
Kidnapping Detected,2024-12-11 15:14:12
Kidnapping Detected,2024-12-11 15:14:12
Kidnapping Detected,2024-12-11 15:14:12
Kidnapping Detected,2024-12-11 15:14:12
Kidnapping Detected,2024-12-11 15:14:12
Kidnapping Detected,2024-12-11 15:14:12
Kidnapping Detected,2024-12-11 15:14:13
Kidnapping Detected,2024-12-11 15:14:13
Kidnapping Detected,2024-12-11 15:14:13
Kidnapping Detected,2024-12-11 15:14:13
Kidnapping Detected,2024-12-11 15:14:13
Kidnapping Detected,2024-12-11 15:14:13
Kidnapping Detected,2024-12-11 15:14:13
Kidnapping Detected,2024-12-11 15:14:13
Kidnapping Detected,2024-12-11 15:14:13
Kidnapping Detected,2024-12-11 15:14:13
Kidnapping Detected,2024-12-11 15:14:13
Kidnapping Detected,2024-12-11 15:14:13
Kidnapping Detected,2024-12-11 15:14:13
Kidnapping Detected,2024-12-11 15:14:13
Kidnapping Detected,2024-12-11 15:14:13
Kidnapping Detected,2024-12-11 15:14:14
Kidnapping Detected,2024-12-11 15:14:14
Kidnapping Detected,2024-12-11 15:14:14
Kidnapping Detected,2024-12-11 15:14:14
Kidnapping Detected,2024-12-11 15:14:14
Kidnapping Detected,2024-12-11 15:14:14
Kidnapping Detected,2024-12-11 15:14:14
Kidnapping Detected,2024-12-11 15:14:14
Kidnapping Detected,2024-12-11 15:14:14
Kidnapping Detected,2024-12-11 15:14:16
Kidnapping Detected,2024-12-11 15:14:16
Kidnapping Detected,2024-12-11 15:14:16
Kidnapping Detected,2024-12-11 15:14:16
Kidnapping Detected,2024-12-11 15:14:17
Kidnapping Detected,2024-12-11 15:14:17
Kidnapping Detected,2024-12-11 15:14:17
Kidnapping Detected,2024-12-11 15:14:17
Kidnapping Detected,2024-12-11 15:14:17
Kidnapping Detected,2024-12-11 15:14:17
Kidnapping Detected,2024-12-11 15:14:17
Kidnapping Detected,2024-12-11 15:14:17
Kidnapping Detected,2024-12-11 15:14:17
Kidnapping Detected,2024-12-11 15:14:17
Kidnapping Detected,2024-12-11 15:14:17
Kidnapping Detected,2024-12-11 15:14:18
Kidnapping Detected,2024-12-11 15:14:18
Kidnapping Detected,2024-12-11 15:14:18
Kidnapping Detected,2024-12-11 15:14:18
Kidnapping Detected,2024-12-11 15:14:18
Kidnapping Detected,2024-12-11 15:14:18
Kidnapping Detected,2024-12-11 15:14:18
Kidnapping Detected,2024-12-11 15:14:19
Kidnapping Detected,2024-12-11 15:14:19
Kidnapping Detected,2024-12-11 15:14:19
Kidnapping Detected,2024-12-11 15:14:19
Kidnapping Detected,2024-12-11 15:14:19
Kidnapping Detected,2024-12-11 15:14:19
Kidnapping Detected,2024-12-11 15:14:19
Kidnapping Detected,2024-12-11 15:14:19
Kidnapping Detected,2024-12-11 15:14:19
Kidnapping Detected,2024-12-11 15:14:19
Kidnapping Detected,2024-12-11 15:14:19
Kidnapping Detected,2024-12-11 15:14:19
Kidnapping Detected,2024-12-11 15:14:19
Kidnapping Detected,2024-12-11 15:14:19
Kidnapping Detected,2024-12-11 15:14:20
Kidnapping Detected,2024-12-11 15:14:20
Kidnapping Detected,2024-12-11 15:14:20
Kidnapping Detected,2024-12-11 15:14:20
Kidnapping Detected,2024-12-11 15:14:20
Kidnapping Detected,2024-12-11 15:14:20
Kidnapping Detected,2024-12-11 15:14:20
Kidnapping Detected,2024-12-11 15:14:20
Kidnapping Detected,2024-12-11 15:14:20
Kidnapping Detected,2024-12-11 15:14:20
Kidnapping Detected,2024-12-11 15:14:20
Kidnapping Detected,2024-12-11 15:14:20
Kidnapping Detected,2024-12-11 15:14:20
Kidnapping Detected,2024-12-11 15:14:20
Kidnapping Detected,2024-12-11 15:14:20
Kidnapping Detected,2024-12-11 15:14:20
Kidnapping Detected,2024-12-11 15:14:20
Kidnapping Detected,2024-12-11 15:14:21
Kidnapping Detected,2024-12-11 15:14:21
Kidnapping Detected,2024-12-11 15:14:21
Kidnapping Detected,2024-12-11 15:14:21
Kidnapping Detected,2024-12-11 15:14:21
Kidnapping Detected,2024-12-11 15:14:21
Kidnapping Detected,2024-12-11 15:14:21
Kidnapping Detected,2024-12-11 15:14:21
Kidnapping Detected,2024-12-11 15:14:21
Kidnapping Detected,2024-12-11 15:14:21
Kidnapping Detected,2024-12-11 15:14:21
Kidnapping Detected,2024-12-11 15:14:21
Kidnapping Detected,2024-12-11 15:14:21
Kidnapping Detected,2024-12-11 15:14:21
Kidnapping Detected,2024-12-11 15:14:21
Kidnapping Detected,2024-12-11 15:14:21
Kidnapping Detected,2024-12-11 15:14:22
Kidnapping Detected,2024-12-11 15:14:23
Kidnapping Detected,2024-12-11 15:14:23
Kidnapping Detected,2024-12-11 15:14:23
Kidnapping Detected,2024-12-11 15:14:23
Kidnapping Detected,2024-12-11 15:14:23
Kidnapping Detected,2024-12-11 15:14:23
Kidnapping Detected,2024-12-11 15:14:23
Kidnapping Detected,2024-12-11 15:14:23
Kidnapping Detected,2024-12-11 15:14:23
Kidnapping Detected,2024-12-11 15:14:24
Kidnapping Detected,2024-12-11 15:14:24
Kidnapping Detected,2024-12-11 15:14:24
Kidnapping Detected,2024-12-11 15:14:24
Kidnapping Detected,2024-12-11 15:14:24
Kidnapping Detected,2024-12-11 15:14:24
Kidnapping Detected,2024-12-11 15:14:24
Kidnapping Detected,2024-12-11 15:14:27
Kidnapping Detected,2024-12-11 15:14:27
Kidnapping Detected,2024-12-11 15:14:27
Kidnapping Detected,2024-12-11 15:14:27
Kidnapping Detected,2024-12-11 15:14:27
Kidnapping Detected,2024-12-11 15:14:27
Kidnapping Detected,2024-12-11 15:14:27
Kidnapping Detected,2024-12-11 15:14:27
Kidnapping Detected,2024-12-11 15:14:27
Kidnapping Detected,2024-12-11 15:14:27
Kidnapping Detected,2024-12-11 15:14:27
Kidnapping Detected,2024-12-11 15:14:27
Kidnapping Detected,2024-12-11 15:14:27
Kidnapping Detected,2024-12-11 15:14:28
Kidnapping Detected,2024-12-11 15:14:28
Kidnapping Detected,2024-12-11 15:14:28
Kidnapping Detected,2024-12-11 15:14:28
Kidnapping Detected,2024-12-11 15:14:28
Kidnapping Detected,2024-12-11 17:53:06
Kidnapping Detected,2024-12-11 17:53:08
Kidnapping Detected,2024-12-11 17:53:08
Kidnapping Detected,2024-12-11 17:53:09
Kidnapping Detected,2024-12-11 17:53:09
Kidnapping Detected,2024-12-11 17:53:09
Kidnapping Detected,2024-12-11 17:53:10
Kidnapping Detected,2024-12-11 17:53:10
Kidnapping Detected,2024-12-11 17:53:10
Kidnapping Detected,2024-12-11 17:53:11
Kidnapping Detected,2024-12-11 17:53:12
Kidnapping Detected,2024-12-11 17:53:12
Kidnapping Detected,2024-12-11 17:53:12
Kidnapping Detected,2024-12-11 17:53:13
Kidnapping Detected,2024-12-11 17:53:13
Kidnapping Detected,2024-12-11 17:53:13
Kidnapping Detected,2024-12-11 17:53:14
Kidnapping Detected,2024-12-11 17:53:14
Kidnapping Detected,2024-12-11 17:53:15
Kidnapping Detected,2024-12-11 17:53:15
Kidnapping Detected,2024-12-11 17:53:15
Kidnapping Detected,2024-12-11 17:53:16
Kidnapping Detected,2024-12-11 17:53:16
Kidnapping Detected,2024-12-11 19:54:51
Kidnapping Detected,2024-12-11 19:54:52
Kidnapping Detected,2024-12-11 19:54:52
Kidnapping Detected,2024-12-11 19:54:53
Kidnapping Detected,2024-12-11 19:54:53
Kidnapping Detected,2024-12-11 19:54:54
Kidnapping Detected,2024-12-11 19:54:54
Kidnapping Detected,2024-12-11 19:54:55
Kidnapping Detected,2024-12-11 19:54:56
Kidnapping Detected,2024-12-11 19:54:57
Kidnapping Detected,2024-12-11 19:54:58
Kidnapping Detected,2024-12-11 19:54:59
Kidnapping Detected,2024-12-11 19:55:00
Kidnapping Detected,2024-12-11 19:55:00
Kidnapping Detected,2024-12-11 19:55:01
Kidnapping Detected,2024-12-11 19:55:01
Kidnapping Detected,2024-12-11 19:55:02
Kidnapping Detected,2024-12-11 19:55:03
Kidnapping Detected,2024-12-11 19:55:04
Kidnapping Detected,2024-12-11 19:55:05
Kidnapping Detected,2024-12-11 19:55:06
Kidnapping Detected,2024-12-11 19:55:06
Kidnapping Detected,2024-12-11 19:55:06
Kidnapping Detected,2024-12-11 19:55:07
Kidnapping Detected,2024-12-11 19:55:07
Kidnapping Detected,2024-12-11 19:55:08
Kidnapping Detected,2024-12-11 19:55:09
Kidnapping Detected,2024-12-11 19:55:09
Kidnapping Detected,2024-12-11 19:55:10
Kidnapping Detected,2024-12-11 19:55:11
Kidnapping Detected,2024-12-11 19:55:12
Kidnapping Detected,2024-12-11 19:55:12
Kidnapping Detected,2024-12-11 19:55:13
Kidnapping Detected,2024-12-11 19:55:14
Kidnapping Detected,2024-12-11 19:55:15
Kidnapping Detected,2024-12-11 19:55:18
Kidnapping Detected,2024-12-11 19:55:18
Kidnapping Detected,2024-12-11 19:55:19
Kidnapping Detected,2024-12-11 19:55:19
Kidnapping Detected,2024-12-11 19:55:20
Kidnapping Detected,2024-12-11 19:55:20
Kidnapping Detected,2024-12-11 19:55:21
Kidnapping Detected,2024-12-11 19:55:22
Kidnapping Detected,2024-12-11 19:55:23
Kidnapping Detected,2024-12-11 19:55:24
Kidnapping Detected,2024-12-11 19:55:24
Kidnapping Detected,2024-12-11 19:55:25
Kidnapping Detected,2024-12-11 19:55:26
Kidnapping Detected,2024-12-11 19:55:26
Kidnapping Detected,2024-12-11 19:55:27
Kidnapping Detected,2024-12-11 19:55:27
Kidnapping Detected,2024-12-11 19:55:28
Kidnapping Detected,2024-12-11 19:55:28
Kidnapping Detected,2024-12-11 19:55:29
Kidnapping Detected,2024-12-11 19:55:29
Kidnapping Detected,2024-12-11 19:55:30
Kidnapping Detected,2024-12-11 19:55:30
Kidnapping Detected,2024-12-11 19:55:31
Kidnapping Detected,2024-12-11 19:55:31
Kidnapping Detected,2024-12-11 19:55:32
Kidnapping Detected,2024-12-11 19:55:33
Kidnapping Detected,2024-12-11 19:55:34
Kidnapping Detected,2024-12-11 19:55:34
Kidnapping Detected,2024-12-11 19:55:35
Kidnapping Detected,2024-12-11 19:55:36
Kidnapping Detected,2024-12-11 19:55:36
Kidnapping Detected,2024-12-11 19:55:36
Kidnapping Detected,2024-12-11 19:55:37
Kidnapping Detected,2024-12-11 19:55:38
Kidnapping Detected,2024-12-11 19:55:38
Kidnapping Detected,2024-12-11 19:55:39
Kidnapping Detected,2024-12-11 19:55:39
Kidnapping Detected,2024-12-11 19:55:40
Kidnapping Detected,2024-12-11 19:55:40
Kidnapping Detected,2024-12-11 19:55:41
Kidnapping Detected,2024-12-11 19:55:41
Kidnapping Detected,2024-12-11 19:55:42
Kidnapping Detected,2024-12-11 19:55:43
Kidnapping Detected,2024-12-11 19:55:43
Kidnapping Detected,2024-12-11 19:55:44
Kidnapping Detected,2024-12-11 19:55:45
Kidnapping Detected,2024-12-11 19:55:46
Kidnapping Detected,2024-12-11 19:55:47
Kidnapping Detected,2024-12-11 19:55:48
Kidnapping Detected,2024-12-11 19:55:49
Kidnapping Detected,2024-12-11 19:55:50
Kidnapping Detected,2024-12-11 19:55:50
Kidnapping Detected,2024-12-11 19:55:51
Kidnapping Detected,2024-12-11 19:55:52
Kidnapping Detected,2024-12-11 19:55:53
Kidnapping Detected,2024-12-11 19:55:54
Kidnapping Detected,2024-12-11 19:55:56
Kidnapping Detected,2024-12-11 19:55:57
Kidnapping Detected,2024-12-11 19:55:57
Kidnapping Detected,2024-12-11 19:55:58
Kidnapping Detected,2024-12-11 19:55:59
Kidnapping Detected,2024-12-11 19:55:59
Kidnapping Detected,2024-12-11 19:56:00
Kidnapping Detected,2024-12-11 19:56:01
Kidnapping Detected,2024-12-11 19:56:01
Kidnapping Detected,2024-12-11 19:56:03
Kidnapping Detected,2024-12-11 19:56:05
Kidnapping Detected,2024-12-11 19:56:08
Kidnapping Detected,2024-12-11 19:56:09
Kidnapping Detected,2024-12-11 19:56:09
Kidnapping Detected,2024-12-11 19:56:10
Kidnapping Detected,2024-12-11 19:56:11
Kidnapping Detected,2024-12-11 19:56:12
Kidnapping Detected,2024-12-11 19:56:12
Kidnapping Detected,2024-12-11 19:56:13
