Hands above head detected,2024-12-11 12:22:33
Hands above head detected,2024-12-11 12:22:38
Hands above head detected,2024-12-11 12:22:39
Hands above head detected,2024-12-11 12:22:39
Hands above head detected,2024-12-11 12:28:58
Face hiding detected,2024-12-11 12:28:58
Hands above head detected,2024-12-11 12:28:59
Face hiding detected,2024-12-11 12:28:59
Hands above head detected,2024-12-11 12:29:00
Face hiding detected,2024-12-11 12:29:00
Hands above head detected,2024-12-11 12:29:15
Face hiding detected,2024-12-11 12:29:15
Hands above head detected,2024-12-11 12:29:16
Face hiding detected,2024-12-11 12:29:16
Hands above head detected,2024-12-11 12:29:16
Face hiding detected,2024-12-11 12:29:16
Face hiding detected,2024-12-11 12:29:17
Face hiding detected,2024-12-11 12:29:18
Face hiding detected,2024-12-11 12:29:20
Face hiding detected,2024-12-11 12:29:26
Face hiding detected,2024-12-11 12:29:27
Face hiding detected,2024-12-11 12:29:28
Face hiding detected,2024-12-11 12:29:30
Face hiding detected,2024-12-11 12:29:31
Face hiding detected,2024-12-11 12:29:32
Face hiding detected,2024-12-11 12:29:33
Hands above head detected,2024-12-11 12:29:35
Face hiding detected,2024-12-11 12:29:35
Hands above head detected,2024-12-11 12:29:36
Face hiding detected,2024-12-11 12:29:36
Face hiding detected,2024-12-11 14:44:01
Face hiding detected,2024-12-11 14:44:02
Face hiding detected,2024-12-11 14:44:04
Face hiding detected,2024-12-11 14:44:05
Face hiding detected,2024-12-11 14:44:21
Face hiding detected,2024-12-11 14:44:22
Face hiding detected,2024-12-11 14:44:23
Face hiding detected,2024-12-11 14:44:25
Hands above head detected,2024-12-11 14:44:26
Hands above head detected,2024-12-11 14:44:27
Hands above head detected,2024-12-11 14:44:28
Face hiding detected,2024-12-11 15:28:26
Face hiding detected,2024-12-11 15:28:27
Hands above head detected,2024-12-11 15:28:34
Face hiding detected,2024-12-11 15:28:34
Face hiding detected,2024-12-11 15:28:35
Face hiding detected,2024-12-11 15:28:35
Face hiding detected,2024-12-11 15:28:35
Face hiding detected,2024-12-11 15:28:36
Face hiding detected,2024-12-11 15:28:39
Face hiding detected,2024-12-11 15:28:39
Face hiding detected,2024-12-11 15:28:40
Face hiding detected,2024-12-11 15:29:18
Face hiding detected,2024-12-11 15:29:27
Face hiding detected,2024-12-11 15:29:28
Face hiding detected,2024-12-11 15:30:12
Face hiding detected,2024-12-11 15:30:13
Face hiding detected,2024-12-11 15:30:13
Face hiding detected,2024-12-11 15:30:13
Face hiding detected,2024-12-11 15:30:16
Face hiding detected,2024-12-11 15:30:17
Face hiding detected,2024-12-11 17:53:13
Face hiding detected,2024-12-11 17:53:48
Face hiding detected,2024-12-11 17:53:51
Face hiding detected,2024-12-11 17:54:15
Face hiding detected,2024-12-11 17:54:15
Face hiding detected,2024-12-11 17:54:15
Face hiding detected,2024-12-11 17:54:16
Face hiding detected,2024-12-11 17:54:16
Face hiding detected,2024-12-11 17:54:27
Face hiding detected,2024-12-11 17:54:27
Face hiding detected,2024-12-11 17:54:27
Face hiding detected,2024-12-11 17:54:28
Face hiding detected,2024-12-11 17:54:28
Face hiding detected,2024-12-11 17:54:28
Face hiding detected,2024-12-11 17:54:29
Face hiding detected,2024-12-11 17:54:29
Face hiding detected,2024-12-11 17:54:29
Face hiding detected,2024-12-11 17:54:40
Face hiding detected,2024-12-11 17:54:40
Face hiding detected,2024-12-11 17:54:40
Face hiding detected,2024-12-11 17:54:41
Face hiding detected,2024-12-11 17:54:41
Face hiding detected,2024-12-11 17:54:41
Face hiding detected,2024-12-11 17:54:47
Face hiding detected,2024-12-11 17:54:48
Face hiding detected,2024-12-11 17:54:48
Face hiding detected,2024-12-11 17:54:48
Face hiding detected,2024-12-11 17:54:49
Face hiding detected,2024-12-11 17:54:49
Face hiding detected,2024-12-11 17:54:49
Face hiding detected,2024-12-11 19:37:05
Face hiding detected,2024-12-11 19:37:06
Face hiding detected,2024-12-11 19:37:11
Face hiding detected,2024-12-11 19:37:17
Face hiding detected,2024-12-11 19:37:18
Face hiding detected,2024-12-11 19:37:18
Face hiding detected,2024-12-11 19:37:19
Face hiding detected,2024-12-11 19:37:19
Face hiding detected,2024-12-11 19:37:19
Face hiding detected,2024-12-11 19:37:20
Hands above head detected,2024-12-11 19:37:27
Hands above head detected,2024-12-11 19:37:28
Hands above head detected,2024-12-11 19:37:54
Face hiding detected,2024-12-11 19:37:54
Hands above head detected,2024-12-11 19:37:55
Face hiding detected,2024-12-11 19:37:55
Face hiding detected,2024-12-11 19:55:00
Face hiding detected,2024-12-11 19:55:01
Face hiding detected,2024-12-11 19:55:01
Face hiding detected,2024-12-11 19:55:02
Face hiding detected,2024-12-11 19:55:17
Face hiding detected,2024-12-11 22:06:27
Hands above head detected,2024-12-11 22:06:28
Face hiding detected,2024-12-11 22:06:28
Face hiding detected,2024-12-11 22:06:37
Face hiding detected,2024-12-11 22:06:43
Face hiding detected,2024-12-11 22:06:46
Hands above head detected,2024-12-11 22:06:46
Face hiding detected,2024-12-11 22:06:46
Face hiding detected,2024-12-11 22:06:48
Face hiding detected,2024-12-11 22:06:59
Face hiding detected,2024-12-11 22:07:22
Hands above head detected,2024-12-11 22:07:24
Hands above head detected,2024-12-11 22:07:24
Hands above head detected,2024-12-11 22:07:24
Hands above head detected,2024-12-11 22:07:25
Hands above head detected,2024-12-11 22:07:25
Hands above head detected,2024-12-11 22:07:26
Hands above head detected,2024-12-11 22:07:27
Hands above head detected,2024-12-11 22:07:29
Hands above head detected,2024-12-11 22:07:29
Face hiding detected,2024-12-11 22:08:54
Face hiding detected,2024-12-11 22:08:55
Hands above head detected,2024-12-11 23:27:35
Face hiding detected,2024-12-11 23:27:35
Face hiding detected,2024-12-11 23:37:45
Face hiding detected,2024-12-11 23:38:41
Face hiding detected,2024-12-11 23:38:41
Face hiding detected,2024-12-11 23:38:42
Face hiding detected,2024-12-11 23:38:43
Face hiding detected,2024-12-11 23:38:43
Face hiding detected,2024-12-11 23:38:43
Hands above head detected,2024-12-11 23:38:47
Hands above head detected,2024-12-11 23:38:48
Hands above head detected,2024-12-11 23:38:48
Face hiding detected,2024-12-11 23:40:01
Hands above head detected,2024-12-11 23:42:49
Face hiding detected,2024-12-11 23:42:49
Face hiding detected,2024-12-11 23:42:51
Face hiding detected,2024-12-11 23:42:51
Face hiding detected,2024-12-11 23:42:52
Face hiding detected,2024-12-11 23:42:52
Face hiding detected,2024-12-11 23:42:57
Face hiding detected,2024-12-11 23:43:14
Face hiding detected,2024-12-12 01:00:10
Face hiding detected,2024-12-12 01:00:11
Face hiding detected,2024-12-12 01:22:59
Face hiding detected,2024-12-12 01:23:00
Face hiding detected,2024-12-12 01:23:06
Face hiding detected,2024-12-12 01:25:02
Face hiding detected,2024-12-12 01:25:02
Face hiding detected,2024-12-12 01:25:03
Face hiding detected,2024-12-12 01:25:03
Face hiding detected,2024-12-12 01:25:04
Face hiding detected,2024-12-12 01:25:04
Face hiding detected,2024-12-12 01:27:43
Face hiding detected,2024-12-12 03:40:24
Face hiding detected,2024-12-12 03:40:25
Face hiding detected,2024-12-12 03:40:25
Face hiding detected,2024-12-12 03:40:25
Face hiding detected,2024-12-12 03:40:26
Face hiding detected,2024-12-12 03:40:32
Face hiding detected,2024-12-12 05:55:52
Face hiding detected,2024-12-12 05:56:01
Face hiding detected,2024-12-12 05:56:01
Hands above head detected,2024-12-12 05:56:02
Face hiding detected,2024-12-12 05:56:02
Hands above head detected,2024-12-12 05:56:02
Face hiding detected,2024-12-12 05:56:02
Face hiding detected,2024-12-12 05:56:02
Face hiding detected,2024-12-12 05:56:03
Face hiding detected,2024-12-12 05:56:03
Face hiding detected,2024-12-12 05:56:04
Face hiding detected,2024-12-12 05:56:04
Face hiding detected,2024-12-12 05:56:04
Face hiding detected,2024-12-12 05:56:05
Face hiding detected,2024-12-12 05:56:05
Face hiding detected,2024-12-12 05:56:05
Face hiding detected,2024-12-12 05:56:06
Face hiding detected,2024-12-12 05:56:09
Face hiding detected,2024-12-12 05:56:10
Face hiding detected,2024-12-12 05:56:10
Face hiding detected,2024-12-12 08:18:38
Face hiding detected,2024-12-12 08:18:39
Face hiding detected,2024-12-12 08:19:06
Face hiding detected,2024-12-12 09:35:58
Face hiding detected,2024-12-12 10:23:30
Hands above head detected,2024-12-12 10:23:31
Face hiding detected,2024-12-12 10:23:31
Face hiding detected,2024-12-12 10:23:31
Face hiding detected,2024-12-12 10:23:32
Face hiding detected,2024-12-12 10:23:34
Face hiding detected,2024-12-12 10:23:34
Face hiding detected,2024-12-12 10:23:37
Face hiding detected,2024-12-12 10:23:37
Face hiding detected,2024-12-12 10:23:37
Face hiding detected,2024-12-12 10:23:38
Face hiding detected,2024-12-12 10:36:12
Face hiding detected,2024-12-12 10:36:49
Face hiding detected,2024-12-12 10:37:46
Face hiding detected,2024-12-12 10:37:46
Face hiding detected,2024-12-12 10:37:46
Face hiding detected,2024-12-12 10:37:47
Face hiding detected,2024-12-12 10:37:47
Face hiding detected,2024-12-12 10:37:56
Face hiding detected,2024-12-12 10:59:34
Face hiding detected,2024-12-12 10:59:38
Face hiding detected,2024-12-12 11:16:11
Face hiding detected,2024-12-12 11:16:11
Face hiding detected,2024-12-12 11:27:57
Face hiding detected,2024-12-12 11:27:58
Face hiding detected,2024-12-12 11:28:07
Face hiding detected,2024-12-12 11:28:09
Face hiding detected,2024-12-12 11:32:06
Face hiding detected,2024-12-12 11:32:07
Face hiding detected,2024-12-12 11:32:07
Face hiding detected,2024-12-12 11:32:07
Face hiding detected,2024-12-12 11:32:08
Face hiding detected,2024-12-12 11:32:08
Face hiding detected,2024-12-12 11:32:11
Face hiding detected,2024-12-12 11:32:11
Face hiding detected,2024-12-12 11:32:12
Face hiding detected,2024-12-12 11:32:12
Face hiding detected,2024-12-12 11:32:12
Face hiding detected,2024-12-12 11:41:59
Face hiding detected,2024-12-12 11:42:00
Face hiding detected,2024-12-12 11:42:09
Face hiding detected,2024-12-12 11:43:08
Face hiding detected,2024-12-12 11:43:14
Face hiding detected,2024-12-12 11:43:16
Face hiding detected,2024-12-12 11:43:16
Face hiding detected,2024-12-12 11:51:06
Face hiding detected,2024-12-12 11:51:06
Face hiding detected,2024-12-12 11:51:06
Face hiding detected,2024-12-12 11:51:07
Face hiding detected,2024-12-12 11:51:08
Face hiding detected,2024-12-12 11:51:13
Face hiding detected,2024-12-12 11:51:14
Face hiding detected,2024-12-12 11:51:14
Face hiding detected,2024-12-12 11:51:14
Hands above head detected,2024-12-12 11:51:15
Face hiding detected,2024-12-12 11:51:15
Face hiding detected,2024-12-12 11:51:16
Face hiding detected,2024-12-12 11:51:24
Face hiding detected,2024-12-12 11:51:24
Face hiding detected,2024-12-12 11:51:25
Face hiding detected,2024-12-12 11:51:26
Face hiding detected,2024-12-12 11:51:57
Face hiding detected,2024-12-12 11:52:02
Face hiding detected,2024-12-12 11:52:17
Face hiding detected,2024-12-12 11:52:17
Face hiding detected,2024-12-12 11:52:18
Face hiding detected,2024-12-12 11:52:19
Face hiding detected,2024-12-12 11:52:20
Face hiding detected,2024-12-12 11:52:22
Face hiding detected,2024-12-12 11:52:23
Face hiding detected,2024-12-12 11:52:24
Face hiding detected,2024-12-12 11:52:25
Face hiding detected,2024-12-12 12:08:24
Face hiding detected,2024-12-12 12:08:25
Face hiding detected,2024-12-12 12:08:31
Face hiding detected,2024-12-12 12:08:31
Face hiding detected,2024-12-12 12:08:36
Face hiding detected,2024-12-12 12:08:37
Face hiding detected,2024-12-12 12:08:37
Face hiding detected,2024-12-12 12:08:38
Face hiding detected,2024-12-12 12:08:39
Face hiding detected,2024-12-12 12:53:04
Face hiding detected,2024-12-12 13:20:19
Face hiding detected,2024-12-12 13:20:20
Face hiding detected,2024-12-12 13:20:20
Face hiding detected,2024-12-12 13:20:44
Face hiding detected,2024-12-12 13:20:45
Face hiding detected,2024-12-12 13:20:57
Face hiding detected,2024-12-12 13:20:58
Face hiding detected,2024-12-12 13:44:33
Face hiding detected,2024-12-12 13:44:34
Face hiding detected,2024-12-12 13:44:37
Face hiding detected,2024-12-12 13:44:38
Face hiding detected,2024-12-12 14:16:10
Face hiding detected,2024-12-12 14:16:39
Face hiding detected,2024-12-12 14:16:44
Face hiding detected,2024-12-12 14:16:44
Face hiding detected,2024-12-12 14:16:45
Face hiding detected,2024-12-12 16:03:24
Face hiding detected,2024-12-12 16:03:25
Face hiding detected,2024-12-12 16:03:25
Face hiding detected,2024-12-12 16:03:25
Face hiding detected,2024-12-12 16:03:26
Face hiding detected,2024-12-12 16:03:26
Face hiding detected,2024-12-12 16:03:27
Hands above head detected,2024-12-12 16:03:28
Face hiding detected,2024-12-12 16:03:28
Hands above head detected,2024-12-12 16:03:29
Face hiding detected,2024-12-12 16:03:29
Face hiding detected,2024-12-12 16:12:37
Face hiding detected,2024-12-12 16:13:19
Face hiding detected,2024-12-12 16:20:01
Face hiding detected,2024-12-12 16:20:03
Face hiding detected,2024-12-12 16:20:05
Face hiding detected,2024-12-12 16:20:09
Face hiding detected,2024-12-12 16:20:12
Face hiding detected,2024-12-12 16:20:14
Face hiding detected,2024-12-12 16:20:17
Face hiding detected,2024-12-12 16:20:19
Face hiding detected,2024-12-12 16:20:21
Face hiding detected,2024-12-12 16:20:23
Face hiding detected,2024-12-12 16:20:26
Face hiding detected,2024-12-12 16:20:28
Face hiding detected,2024-12-12 16:24:33
Face hiding detected,2024-12-12 16:24:35
Face hiding detected,2024-12-12 16:24:42
Face hiding detected,2024-12-12 16:24:44
Face hiding detected,2024-12-12 16:24:47
Face hiding detected,2024-12-12 16:24:49
Face hiding detected,2024-12-12 16:24:52
Face hiding detected,2024-12-12 16:27:17
Face hiding detected,2024-12-12 16:27:18
Face hiding detected,2024-12-12 16:32:39
Face hiding detected,2024-12-12 16:32:39
Face hiding detected,2024-12-12 16:32:40
Face hiding detected,2024-12-12 16:32:40
Face hiding detected,2024-12-12 16:32:40
Face hiding detected,2024-12-12 16:32:41
Face hiding detected,2024-12-12 16:32:41
Face hiding detected,2024-12-12 16:44:14
Face hiding detected,2024-12-12 16:44:16
Face hiding detected,2024-12-12 16:44:22
Face hiding detected,2024-12-12 16:44:25
Face hiding detected,2024-12-12 16:44:27
Face hiding detected,2024-12-12 16:44:29
Face hiding detected,2024-12-12 16:44:32
Face hiding detected,2024-12-12 16:44:34
Face hiding detected,2024-12-12 16:44:37
Face hiding detected,2024-12-12 16:44:39
Face hiding detected,2024-12-12 16:44:41
Face hiding detected,2024-12-12 18:35:10
Face hiding detected,2024-12-12 18:35:11
Face hiding detected,2024-12-12 18:35:11
Face hiding detected,2024-12-12 18:39:08
Face hiding detected,2024-12-12 18:39:13
Face hiding detected,2024-12-12 18:39:16
Hands above head detected,2024-12-12 18:44:23
Face hiding detected,2024-12-12 18:50:54
Face hiding detected,2024-12-12 18:50:55
Hands above head detected,2024-12-12 18:50:56
Face hiding detected,2024-12-12 18:50:57
Face hiding detected,2024-12-12 19:03:35
Face hiding detected,2024-12-12 19:03:36
Face hiding detected,2024-12-12 19:03:36
Face hiding detected,2024-12-12 19:03:37
Face hiding detected,2024-12-12 19:05:24
Face hiding detected,2024-12-12 19:05:26
Face hiding detected,2024-12-12 19:05:28
Face hiding detected,2024-12-12 19:05:30
Face hiding detected,2024-12-12 19:05:31
Face hiding detected,2024-12-12 19:05:33
Face hiding detected,2024-12-12 19:05:35
Face hiding detected,2024-12-12 19:05:37
Face hiding detected,2024-12-12 19:05:39
Face hiding detected,2024-12-12 19:05:40
Face hiding detected,2024-12-12 19:05:42
Face hiding detected,2024-12-12 19:05:44
Face hiding detected,2024-12-12 19:05:46
Face hiding detected,2024-12-12 19:05:47
Face hiding detected,2024-12-12 19:05:49
Face hiding detected,2024-12-12 19:05:51
Face hiding detected,2024-12-12 19:05:53
Face hiding detected,2024-12-12 19:05:55
Face hiding detected,2024-12-12 19:05:57
Face hiding detected,2024-12-12 19:05:58
Face hiding detected,2024-12-12 19:06:00
Face hiding detected,2024-12-12 19:06:02
Face hiding detected,2024-12-12 19:06:04
Face hiding detected,2024-12-12 19:06:05
Face hiding detected,2024-12-12 19:06:07
Face hiding detected,2024-12-12 19:06:09
Face hiding detected,2024-12-12 19:06:11
Face hiding detected,2024-12-12 19:06:13
Face hiding detected,2024-12-12 19:06:16
Face hiding detected,2024-12-12 19:06:18
Face hiding detected,2024-12-12 19:06:20
Face hiding detected,2024-12-12 19:06:22
Face hiding detected,2024-12-12 19:06:27
Face hiding detected,2024-12-19 22:00:27
Hands above head detected,2024-12-19 22:13:20
Face hiding detected,2024-12-19 22:13:20
Face hiding detected,2024-12-19 22:13:21
Hands above head detected,2024-12-19 22:13:21
Face hiding detected,2024-12-19 22:13:21
Face hiding detected,2024-12-19 22:13:21
Hands above head detected,2024-12-19 22:13:23
Face hiding detected,2024-12-19 22:13:23
Face hiding detected,2025-01-02 00:37:13
Face hiding detected,2025-01-02 00:37:14
Face hiding detected,2025-01-02 00:38:20
Face hiding detected,2025-01-02 00:38:22
Face hiding detected,2025-01-02 00:38:24
Face hiding detected,2025-01-02 00:38:28
Face hiding detected,2025-01-02 00:38:30
Face hiding detected,2025-01-02 00:38:32
Face hiding detected,2025-01-02 00:38:34
Face hiding detected,2025-01-02 00:38:37
Face hiding detected,2025-01-02 00:38:40
Face hiding detected,2025-01-02 00:38:43
Face hiding detected,2025-01-02 00:38:46
Hands above head detected,2025-01-07 08:07:24
Hands above head detected,2025-01-07 08:07:25
Hands above head detected,2025-01-07 08:07:26
Hands above head detected,2025-01-07 08:07:28
Hands above head detected,2025-01-07 08:07:28
